SQLDATE,Actor1Name,Actor2Name,EventCode,ActionGeo_FullName,ActionGeo_Lat,ActionGeo_Long,GoldsteinScale,AvgTone,NumArticles,SOURCEURL,title,description,category
20261002,PRIEST,,1821,"Humberside, United Kingdom (general), United Kingdom",53.75,-0.416667,-9.0,-4.30040877807436,160,https://www.richmondandtwickenhamtimes.co.uk/news/national/26603404.former-nine-oclock-service-priest-guilty-rape-indecent-assaults/,Former Nine O'Clock Service Evangelical Priest Christopher Brain Found Guilty of Rape and Sexual Assaults,"Christopher Brain, head of the Sheffield-based Nine O'Clock Service evangelical movement, was convicted of rape and multiple indecent assaults against female congregation members.",crime
20261002,,UNITED KINGDOM,190,"South Yorkshire, United Kingdom (general), United Kingdom",53.45,-1.25,-10.0,-9.88381890918378,124,https://www.keighleynews.co.uk/news/national/26604167.widdecombe-murder-suspect-charged-preparing-terrorism-nigel-farage/,Suspect in Ann Widdecombe Murder Charged with Preparing Terrorist Acts Against Nigel Farage,The man accused of murdering British politician Ann Widdecombe faced new terrorism charges for plotting attacks that included targeting Reform UK leader Nigel Farage.,terror
20261002,THE US,,186,"Tennessee, United States",35.7449,-86.7489,-10.0,-6.92100156569577,121,https://www.harrowtimes.co.uk/news/national/26600537.christa-pike-in-critical-condition-tennessees-failed-execution-attempt/,Christa Pike Left in Critical Condition Following Botched Lethal Injection in Tennessee,Tennessee death row inmate Christa Pike was hospitalized in critical condition on life support after state executioners spent hours failing to establish intravenous lines.,crime
20260930,MINISTRY,,190,Moldova,47.0,29.0,-10.0,-5.05490375340997,120,https://news.yam.md/ro/story/69051688,Moldovan Defense Ministry Investigates Military Drone Crash and Detonation in Branesti,Moldovan authorities deployed security forces and explosive experts to Branesti after a stray combat drone crashed into trees and exploded near the Ukrainian border.,conflict
20261002,MINNEAPOLIS,US GOVERNMENT,190,Somalia,6.0,48.0,-10.0,-3.23129251700681,110,https://www.harrowtimes.co.uk/news/national/26600533.renee-goods-family-sues-us-government-officials-killing-minneapolis/,Family of Renee Good Files Wrongful Death Lawsuit Against US Federal Officials Over Minneapolis Raid,Relatives of Renee Good filed a major civil lawsuit against federal immigration officials and agents following her fatal shooting during an enforcement raid in Minneapolis.,politics
20260929,RUSSIAN,UKRAINE,190,Finland,64.0,26.0,-10.0,-3.70891502157524,104,https://www.b92.net/info/politika/271678/vucic-odgovorio-na-napade-blokadera-da-me-oterate-iz-naroda-ne-mozete/vest,Serbian President Vucic Rebuffs Opposition Protests and Road Blockades,"President Aleksandar Vucic addressed nationwide anti-government demonstrations and transit blockades, declaring that political opponents cannot sever his connection to the citizenry.",protest
20261002,NATO,MILITARY,150,"Baltic Sea, Oceans (general), Oceans",56.0,18.0,-7.2,-3.99860476915272,96,https://www.peeblesshirenews.com/news/national/26600510.putin-says-russia-will-use-all-weapons-arsenal-territory-attacked/,Vladimir Putin Issues Threat to Deploy Full Weapons Arsenal If Russian Territory Faces Attack,"Russian President Vladimir Putin issued a stern warning to NATO and Western allies, asserting Moscow will utilize its full strategic and conventional arsenal if sovereignty is violated.",conflict
20260930,FARMER,UNITED KINGDOM,191,"Fairford, Gloucestershire, United Kingdom",51.7,-1.78333,-9.5,-4.0519001706811,88,https://www.leighjournal.co.uk/news/national/26592963.raf-fairford-suspect-called-police-hour-farmer-raised-alarm/,RAF Fairford Intrusion Suspect Contacted Police Emergency Line After Farmer Alerted Authorities,Investigation into the security incident at RAF Fairford revealed an intruder suspect dialed police dispatch approximately one hour after a local farmer first spotted suspicious activity.,terror
20261002,STUDENT,,180,"Cornell University, New York, United States",42.447,-76.483,-9.0,-7.61557998971194,72,https://wset.com/news/nation-world/civil-lawsuit-prompts-renewed-criminal-scrutiny-in-cornell-fraternity-assault-case-university-police-grand-jury-civil,Civil Lawsuit Triggers Grand Jury Scrutiny into Cornell University Chi Phi Fraternity Assault Case,A detailed federal civil lawsuit prompted Tompkins County prosecutors and campus police to reopen and intensify criminal investigations into an alleged gang rape at Chi Phi fraternity.,crime
20261002,UNITED NATIONS,,1822,"Florida, United States",27.8333,-81.717,-9.0,-10.8501118568233,70,https://www.delawarepublic.org/npr-headlines/2026-10-02/failed-torturous-execution-attempt-on-christa-pike-reignites-death-penalty-debate,Failed Lethal Injection of Christa Pike Reignites Severe Scrutiny Over Capital Punishment Protocols,"Human rights advocates, UN experts, and legal scholars renewed calls for death penalty moratoriums after Tennessee authorities subjected inmate Christa Pike to hours of painful, botched needle insertions.",crime
20261002,ISRAEL,PALESTINIAN,190,Russia,60.0,100.0,-10.0,-4.72984989548276,70,https://www.b92.net/svi-komentari/272867,Russian Investigators Place Former Ukrainian Defense Officials Reznikov and Fedorov on Wanted List,Russia's Investigative Committee formally issued international arrest warrants and criminal indictments against former Ukrainian defense ministers Oleksii Reznikov and Mykhailo Fedorov.,conflict
20260929,STUDENT,WELLS FARGO,180,"Charlotte, North Carolina, United States",35.2271,-80.8431,-9.0,-7.62331838565022,70,https://local12.com/news/nation-world/wells-fargo-fires-diego-sarabia-cornell-student-named-in-alleged-chi-phi-fraternity-gang-rape-lawsuit-tmz-report-tompkins-county-district-attorney-jane-doe-civil-lawsuit-snapchat-message-ketamine,Wells Fargo Terminates Diego Sarabia Following Named Involvement in Cornell Fraternity Assault Lawsuit,Financial firm Wells Fargo fired employee and former Cornell student Diego Sarabia after court filings implicated him in an alleged drugging and sexual assault at the Chi Phi fraternity house.,business
20260929,CONSTABLE,,190,"Sydney, New South Wales, Australia",-33.8833,151.217,-10.0,-2.51540599211751,66,https://www.edenmagnet.com.au/story/9359115/young-constable-slain-victorian-officers-memorialised/,Slain Young Constable and Fallen Victorian Law Enforcement Officers Honored at State Memorial,"Police colleagues, dignitaries, and families gathered in Victoria to commemorate the courage and sacrifice of police officers killed in the line of duty.",crime
20261002,POLICE,,180,"Sydney, New South Wales, Australia",-33.8833,151.217,-9.0,-12.0704415641359,64,https://www.queanbeyanage.com.au/story/9361437/women-allegedly-bound-attacked-in-violent-break-ins/,Sydney Police Investigate Violent Home Invasions Where Female Residents Were Bound and Assaulted,"New South Wales detectives launched an intensive hunt for armed suspects who forced entry into residential properties across suburban Sydney, restraining and assaulting female victims.",crime
20261003,MILITARY,,154,Mexico,23.0,-102.0,-7.2,-2.945301542777,60,http://www.soester-anzeiger.de/politik/hunderte-us-soldaten-an-die-grenze-zu-mexiko-entsandt-wegen-mutmasslicher-kartellgewalt-zr-94522980.html,Hundreds of US Soldiers Deployed to Mexican Border to Counter Escalating Drug Cartel Violence,The Pentagon mobilized hundreds of active-duty troops to reinforce southern border sectors following intelligence reports of armed cartel shootouts and trafficking incursions.,conflict
20261001,UNITED KINGDOM,,191,"Northern Ireland, Craigavon, United Kingdom",54.5,-6.5,-9.5,-4.51390032742748,56,https://www.northsomersettimes.co.uk/news/national/26598722.cost-policing-drumcree-dispute-gbp3m-far-says-chief-constable/,Chief Constable Reveals Security and Policing Costs for Drumcree Dispute Exceed £3 Million,Police Service of Northern Ireland leadership disclosed that policing operations for the protracted Drumcree parading dispute have cost taxpayers over £3 million.,conflict
20261002,IRELAND,,191,Ireland,53.0,-8.0,-9.5,-1.32090132090132,56,https://www.gazetteseries.co.uk/news/national/26600566.drumcree-talks-end-without-agreement/,Mediation Talks on Longstanding Drumcree Parading Dispute Conclude Without Resolution,"Talks between Portadown Orangemen, Garvaghy Road residents, and government mediators broke down without reaching an accord over contested parading routes.",conflict
20260929,STUDENT,,1821,,,,-9.0,-4.95371494885703,55,https://ktul.com/news/nation-world/students-speak-on-cornells-tense-atmosphere-as-rape-case-unfolds-seven-fraternity-chi-phi-tompkins-district-attorney-sexual-assault-ithaca-police-title-ix-grand-jury-criminal-investigation-facebook-x-report,Cornell Students Voice Alarm Over Campus Climate as Seven Fraternity Members Face Criminal Scrutiny,Undergraduates and student organizations at Cornell University described profound tension and held demonstrations as prosecutors investigated allegations of predatory drugging and assault.,education
20260926,,UNITED STATES,190,"Tehran, Tehran, Iran",35.75,51.5148,-10.0,-1.23438172922741,50,https://www.inewsgr.com/182/o-trab-aperripse-tin-protasi-tou-iran-gia-na-xananoixoun-ta-stena-tou-ormouz.htm,Donald Trump Rejects Iranian Proposal for Maritime Reopening of the Strait of Hormuz,Former US President Donald Trump publicly dismissed terms presented by Tehran to ease commercial shipping restrictions through the vital Strait of Hormuz waterway.,politics
20261003,TENNESSEE,LAWYER,180,"Tennessee, United States",35.7449,-86.7489,-9.0,-5.69877883310719,50,https://www.sloughobserver.co.uk/news/national/26604195.christa-pike-ventilator-unconscious-failed-tennessee-execution/,Christa Pike Placed on Ventilator Following Traumatic Failed Execution at Riverbend Prison,Attorneys confirmed that death row inmate Christa Pike remains unconscious on a mechanical ventilator after suffering severe vascular damage during Tennessee's halted execution attempt.,crime
20260929,PROSECUTOR,,1821,"New York, United States",42.1497,-74.9384,-9.0,-4.99359795134443,50,https://www.kunr.org/u-s-headlines/2026-09-28/prosecutors-are-reopening-a-cornell-fraternity-rape-case-heres-what-we-know,Tompkins County District Attorney Reopens Probe into Alleged Cornell Fraternity Gang Rape,New York law enforcement officials officially reopened a previously stalled criminal inquiry after explosive new digital evidence emerged in a civil filing against Chi Phi brothers.,crime
20260927,HEALTH MINIST,,190,"Gaza, Israel (general), Israel",31.4167,34.3333,-10.0,-11.2033195020747,50,https://www.leaderlive.co.uk/news/national/26584888.palestinian-death-toll-gaza-war-rises-74-000/,"Gaza Health Officials Report Palestinian Conflict Death Toll Surpasses 74,000","Medical authorities in the Gaza Strip released updated casualty figures indicating over 74,000 Palestinians have been killed amid continuous bombardment and combat operations.",humanitarian
20260928,IRAN,ISRAEL,154,"Tehran, Tehran, Iran",35.75,51.5148,-7.2,-20.0,50,https://www.aljazeera.com/news/liveblog/2026/9/28/iran-war-live-tehran-warns-its-fully-prepared-for-war-amid-hormuz-tensions,Tehran Declares Full Military Preparedness as Maritime Tensions Escalate in the Persian Gulf,Iranian military leaders declared comprehensive readiness for confrontation as US naval deployments increased around key Gulf choke points and oil transit corridors.,conflict
20261003,HAMAS,ISRAEL,192,"Bondi Beach, New South Wales, Australia",-33.8902,151.276,-9.5,-6.63695274213679,50,https://www.mandurahmail.com.au/story/9362068/never-be-the-same-the-grim-legacy-of-october-7/,Reflecting on the Grim Global Aftermath and Regional Security Shifts on October 7 Anniversary,"A comprehensive retrospective examines how the October 7 attacks and subsequent warfare fundamentally transformed Israeli society, Palestinian territories, and global geopolitics.",conflict
20261003,PALESTINIAN,ISRAEL,195,"Gaza, Israel (general), Israel",31.4167,34.3333,-10.0,-3.90872876194947,50,https://www.aftonbladet.se/nyheter/a/Rr77qd/aftonbladet-direkt?pinnedEntry=1498370,Multiple Casualties Reported Following Israeli Air Incursions in Southern Gaza,Emergency services and international observers report dozens wounded and killed in concentrated aerial bombardments targeting residential areas in the Gaza Strip.,conflict
20261003,AUTHORITIES,MOSCOW,190,"Moscow, Moskva, Russia",55.7522,37.6156,-10.0,-6.74609293893107,50,https://www.az-online.de/politik/russland-beginnt-massive-winteroffensive-mit-luftangriffen-zr-94522935.html,Russian Military Launches Massive Winter Air Offensive Targeting Ukrainian Infrastructure,"Russian forces initiated coordinated missile and uncrewed aerial attacks against major power stations, bridges, and logistic nodes throughout Ukraine as winter approaches.",conflict
20261001,TENNESSEE,,190,"Riverbend, Tennessee, United States",35.8954,-83.9763,-10.0,-7.38919531173052,50,https://www.gazetteherald.co.uk/news/national/26596547.us-supreme-court-allows-christa-pikes-execution-tennessee-go-forward/,US Supreme Court Clears Way for Tennessee Execution of Christa Pike by Denying Final Stay,"The US Supreme Court rejected an emergency application for a stay of execution, permitting Tennessee prison officials to proceed with lethal injection despite constitutional challenges.",crime
20260928,MALE,,180,"Copenhagen, Køavn*, Denmark",55.6667,12.5833,-9.0,-3.63475783743055,50,https://www.tv2kosmopol.dk/koebenhavn/minimum-20-personer-far-krisehjaelp-efter-mand-satte-ild-til-sig-selv-9135a,Dozens Receive Crisis Counseling in Copenhagen After Man Sets Himself on Fire in Public,Danish emergency teams and psychologists provided trauma counseling to at least 20 bystanders who witnessed a man self-immolate in a central Copenhagen street.,health
20260928,ATHENS,AMERICAN,190,"Athens, AttikíR, Greece",37.9833,23.7333,-10.0,-7.725321888412,50,https://fox56.com/news/nation-world/four-americans-among-six-killed-in-athens-blast-that-collapsed-building-near-acropolis,Four Americans Among Six Victims Killed in Deadly Building Explosion Near the Acropolis in Athens,"Greek authorities launched an international investigation after a catastrophic gas explosion demolished a multi-story building near the Acropolis, killing six people including four US tourists.",world
20260928,AUSTRALIA,,190,"Porepunkah, Victoria, Australia",-36.6961,146.91,-10.0,-1.35718883973296,48,https://www.portnews.com.au/story/9359115/young-constable-slain-victorian-officers-memorialised/,Community and Comrades Gather to Memorialize Slain Police Officers Across Regional Victoria,Solemn memorial gatherings across Victoria brought together law enforcement officers and community leaders to honor constables killed while responding to armed incidents.,crime
20261001,UKRAINE,RUSSIA,190,"Odesa, Odes'ka Oblast, Ukraine",46.4639,30.7386,-10.0,-5.8319039451115,48,http://www.newjerseytelegraph.com/news/279340836/kyiv-hit-by-new-russian-air-attacks,Kyiv and Major Port Cities Targeted in Fresh Waves of Heavy Russian Missile Strikes,"Air raid sirens sounded across Ukraine as Russian forces launched barrage strikes against key governmental, transit, and electrical facilities in Kyiv and Black Sea ports.",conflict
20260930,IRAN,SAUDI ARABIA,190,Saudi Arabia,25.0,45.0,-10.0,-3.11203319502074,48,https://www.wirralglobe.co.uk/news/national/26593709.us-announces-complete-withdrawal-troops-iraq-12-years/,US Department of Defense Announces Full Conclusion of 12-Year Military Mission in Iraq,"The United States officially concluded its prolonged military deployment in Iraq, transferring remaining bases and counter-ISIS security duties to Iraqi armed forces.",politics
20261003,EUROPEAN UNION,RUSSIAN,195,"Moscow, Moskva, Russia",55.7522,37.6156,-10.0,-4.9757281553398,48,https://www.index.hr/vijesti/clanak/sve-gore-stanje-u-kijevu-rusi-poslali-upozorenje-diplomat-vec-se-pripremaju-planovi/2841618.aspx?index_tid=1176622&index_ref=naslovnica_vijesti_najnovije_d,Deteriorating Security in Kyiv Prompts Western Embassies to Prepare Emergency Contingency Plans,European and international diplomats stationed in Kyiv drafted emergency evacuation measures as Russian forces stepped up devastating strikes on capital infrastructure.,conflict
20260928,POLICE OFFICER,,190,"Georgia, United States",32.9866,-83.6487,-10.0,-7.75985797353816,42,https://www.northerndailyleader.com.au/story/9358278/cop-raised-scary-body-disposal-plan-friend-says/,Witness Details Disturbing Body Disposal Scheme in Murder Trial of Former Police Officer,Testimony in the Sydney double-murder trial revealed that the accused former officer had previously discussed calculated methods for concealing and incinerating human remains.,crime
20261001,STUDENT,,180,"Tompkins County, New York, United States",42.4501,-76.4663,-9.0,-7.421875,42,https://1190kex.iheart.com/content/2026-10-01-cornell-student-assembly-holds-public-hearing-on-rape-case/,Cornell Student Assembly Convenes Heated Public Forum on Fraternity Sexual Assault Policies,"Hundreds of Cornell University students packed a public hearing demanding administrative accountability, fraternity derecognition, and swift prosecutorial intervention.",education
20260928,UKRAINIAN,RUSSIAN,190,"Rostov, Rostovskaya Oblast', Russia",47.2364,39.7139,-10.0,-7.36434108527132,42,http://www.wlz-online.de/panorama/ukrainische-drohnen-setzen-wichtige-oelraffinerie-in-perm-in-brand-zr-94513429.html,Ukrainian Long-Range Drones Ignite Major Russian Oil Refinery Facility in Perm,Ukrainian military intelligence successfully executed a long-range drone attack that set fire to fuel distillation units at a strategic petrochemical refinery deep inside Russia.,conflict
20261002,PROTESTER,,175,"New Delhi, Delhi, India",28.6,77.2,-9.0,-7.30223123732253,40,https://www.warringtonguardian.co.uk/news/national/26602242.cockroach-protesters-demand-indian-polling-chief-resign-vote-list-changes/,Protesters Brandishing Cockroaches Demand Resignation of Indian Chief Election Commissioner,Demonstrators released cockroaches at election commission premises to protest contentious modifications to electoral voter registers across several Indian states.,protest
20261001,UNITED KINGDOM,WEST BANK,163,"Tehran, Tehran, Iran",35.75,51.5148,-8.0,-3.62173038229376,40,https://www.lalsace.fr/defense-guerre-conflit/2026/10/01/incident-pres-d-une-base-militaire-la-police-arrete-un-britanno-iranien,British-Iranian National Arrested Near UK Military Installation Following Suspicious Infiltration Incident,Counter-terrorism officers apprehended a dual British-Iranian citizen spotted surveying restricted perimeters around a strategic air base in western England.,terror
20261002,TROOPS IN IRAQ,EXTREMIST,154,"Baghdad, Baghdad, Iraq",33.3386,44.3939,-7.2,-2.49009860354398,40,https://www.evropaelire.org/a/largimi-shba-irak-shqetesim-ndikimi-iranian/33868582.html,US Troop Departure from Iraq Sparks Escalating Concerns Over Iranian Influence and Regional Security,Regional defense strategists warn that the withdrawal of American military forces from Iraq could create an operational vacuum rapidly filled by Iranian-aligned paramilitary militias.,politics
20261001,WASHINGTON,CRIMINAL,180,"Cornell University, New York, United States",42.447,-76.483,-9.0,-7.65432098765432,40,https://13wham.com/news/nation-world/civil-lawsuit-prompts-renewed-criminal-scrutiny-in-cornell-fraternity-assault-case-university-police-grand-jury-civil,Civil Lawsuit Alleging Fraternity Sexual Assault Triggers Renewed Criminal Scrutiny at Cornell,Ithaca police and Tompkins County prosecutors empaneled a grand jury to evaluate criminal charges following civil claims against seven Cornell fraternity members.,crime
20261001,SAUDI ARABIA,,195,"Tehran, Tehran, Iran",35.75,51.5148,-10.0,-3.61842105263158,40,https://nbc16.com/news/nation-world/copilot-who-stabbed-flydubai-captain-tried-to-crash-plan-may-be-linked-to-iran-trump-saudi-arabia-flight-israel-investigation-terrorism-hero-passengers-iran-war-negotiations-strait-of-hormuz,FlyDubai Co-Pilot Who Stabbed Captain in Mid-Air Crash Attempt Under Investigation for Extremist Ties,International counter-terrorism investigators probe the motives of a co-pilot who attacked the aircraft commander on a flight bound for Israel before passengers subdued him.,terror
20260927,UNITED KINGDOM,,191,"Whelford, Gloucestershire, United Kingdom",51.6833,-1.75,-9.5,-3.71600135196358,40,https://www.kentonline.co.uk/news/national/raf-fairford-terror-plot-looking-to-do-big-damage-donald-trump-says-172220/,Donald Trump Claims Suspects in RAF Fairford Plot Intended Major Destructive Attack,"Former US President Donald Trump commented on the RAF Fairford security incident, asserting detained individuals planned to inflict catastrophic damage on the military facility.",terror
20260928,MALE,STOCKHOLM,180,"Stockholm, Stockholm, Sweden",59.3333,18.05,-9.0,-2.4011988804445,40,https://www.aftonbladet.se/nyheter/a/Rr77qd/aftonbladet-direkt?pinnedEntry=1497380,Major Police Cordon and Investigative Operation Underway in Central Stockholm,Swedish law enforcement cordoned off streets in central Stockholm as forensics teams and detectives investigated a serious violent altercation involving several individuals.,crime
20260930,KYIV,RESIDENTS,195,"Kiev, Ukraine (general), Ukraine",50.4333,30.5167,-10.0,-10.3271646015669,40,https://glavcom.ua/kyiv/news/u-chotirokh-mistakh-kijivshchini-pohirshilasja-jakist-povitrja-cherez-ataki-rf-1146130.html,Air Quality Deteriorates Across Four Kyiv Region Towns Following Russian Military Strikes,Ukrainian environmental monitoring services recorded spikes in atmospheric pollutants and smoke across four municipalities near Kyiv following Russian strikes on industrial targets.,environment
20260930,CRIMINAL,,181,"Laurieton, New South Wales, Australia",-31.6448,152.795,-9.0,-6.82767309624373,40,https://www.bunburymail.com.au/story/9360220/victims-face-bank-robber-murderer-30-years-on/,Victims Confront Convicted Armed Bank Robber and Murderer at Parole Hearing 30 Years Later,"Surviving victims and family members faced a notorious Australian bank robber who murdered a clerk three decades ago, voicing vehement opposition to his release.",crime
20260930,PRINCE,CAPTAIN,182,"Tabuk, Tabuk, Saudi Arabia",28.3998,36.5715,-9.5,-5.01876567434516,40,https://www.sandiegouniontribune.com/2026/09/30/netanyahu-flydubai-flight-stabbing/,Benjamin Netanyahu Commends Passengers Who Subdued Knife-Wielding Co-Pilot on FlyDubai Flight,Israeli Prime Minister Benjamin Netanyahu praised the bravery of passengers who stormed the cockpit to restrain a co-pilot attempting to crash a commercial jetliner bound for Tel Aviv.,terror
20261001,IRELAND,,191,Ireland,53.0,-8.0,-9.5,-1.32090132090132,40,https://www.penarthtimes.co.uk/news/national/26600566.drumcree-talks-end-without-agreement/,Protracted Drumcree Orange Order Mediation Breaks Down Without Resolution,Discussions aimed at ending Northern Ireland's decades-long Drumcree marching dispute in Portadown concluded without a breakthrough between opposing community groups.,conflict
20261003,NORTH KOREA,,194,"Tokyo, Tokyo, Japan",35.685,139.751,-10.0,-0.833393930167685,40,https://www.badische-zeitung.de/nordkorea-feuert-erneut-ballistische-rakete-ab,North Korea Launches Another Ballistic Missile Toward the Sea of Japan,"South Korean and Japanese defense ministries reported North Korea test-fired a ballistic missile toward eastern coastal waters, triggering alert systems in Tokyo.",conflict
20260930,RUSSIAN,UKRAINIAN,194,"Kiev, Ukraine (general), Ukraine",50.4333,30.5167,-10.0,-7.12152364805934,40,https://www.b92.net/svi-komentari/271958,Magnitude 6.0 Earthquake Off Yonaguni Island Felt Across Okinawa Prefecture,The Japan Meteorological Agency reported a moderate 6.0 magnitude undersea earthquake near remote Yonaguni Island with no immediate reports of structural damage or tsunami waves.,earthquake
20261003,CUBA,,1711,Cuba,22.0,-79.5,-9.2,-3.6294638773567,40,https://www.diariocolatino.com/guardia-costera-de-eeuu-intercepta-petrolero-cuyo-destino-seria-cuba/,US Coast Guard Intercepts Commercial Oil Tanker Suspected of Smuggling Fuel to Cuba,United States maritime authorities intercepted a foreign-flagged tanker in Caribbean waters over alleged violations of sanctions prohibiting illicit petroleum shipments to Cuba.,conflict
20260930,,POLICE,190,"Gurranang, New South Wales, Australia",-29.45,153.0,-10.0,-7.55820340558584,40,https://www.mudgeeguardian.com.au/story/9359900/double-murder-charge-after-bodies-found-weeks-apart/,Man Charged with Double Murder After Two Family Members Found Dead Weeks Apart in Gurranang,New South Wales police charged a regional resident with two counts of murder following the discovery of two deceased relatives at rural properties separated by several weeks.,crime
20261001,PRESIDENT,BUSINESS,180,,,,-9.0,-4.82758620689655,40,https://www.birgun.net/haber/mersinde-3-belediyeye-operasyon-baskanlar-dahil-59-kisi-gozaltina-alindi-737984%20target=_blank,"Turkish Police Raid Three Municipalities in Mersin, Detaining 59 People Including Mayors","Turkish law enforcement conducted extensive anti-corruption and municipal security raids across Mersin province, taking 59 local officials and mayors into custody.",politics
20260927,JERSEY,,190,"Atlantic City, New Jersey, United States",39.3643,-74.4229,-10.0,-2.66272189349113,40,https://www.kacu.org/2026-09-26/windy-weddings-and-rocky-cruises-how-east-coasters-are-braving-the-noreaster-this-weekend,"East Coast Communities Navigate Nor'easter Deluges, Coastal Flooding, and Canceled Events","Residents, coastal wedding parties, and maritime operators along the US Mid-Atlantic weathered gale-force winds, coastal surges, and heavy rain brought by a severe Nor'easter.",cyclone
20261001,MINISTRY,,190,Moldova,47.0,29.0,-10.0,-6.64945348768878,40,https://news.yam.md/ro/story/69416906,Moldovan Government Coordinates Regional Defense Readiness Following Border Drone Explosions,Moldovan interior and defense ministries held emergency sessions to assess border radar coverage and airspace monitoring following unmanned aerial detonations in frontier areas.,conflict
20260927,POLICE OFFICER,,190,"Paddington, Western Australia, Australia",-30.4833,121.333,-10.0,-7.96026490066225,40,https://www.bluemountainsgazette.com.au/story/9358278/officers-blockbuster-double-murder-trial-set-to-resume/,Blockbuster Double-Murder Trial of Former NSW Police Officer Resumes in Sydney Court,The high-profile trial of a former police constable accused of murdering a TV presenter and his partner resumed with critical witness and ballistic evidence.,crime
20260928,,NIGERIA,190,Nigeria,10.0,8.0,-10.0,-2.66852984281858,38,https://news.crossmap.com/2026/09/28/trump-rejects-iran-hormuz-plan-suggests-talks-will-continue-israel-welcomes-christians-to/,Donald Trump Dismisses Iranian Strait of Hormuz Proposal While Keeping Diplomatic Door Open,Former US President Donald Trump rejected Iranian terms regarding Persian Gulf shipping passage but indicated broader strategic negotiations could still proceed.,politics
20261002,HOSPITAL,,190,"Tennessee, United States",35.7449,-86.7489,-10.0,-8.99795501022495,36,https://wset.com/news/nation-world/christa-pike-says-she-feels-a-kinship-with-lindsay-clancy-before-failed-execution-tennessee-death-row-inmate-murder-convicted-killer-homicide-death-penalty-deadlocked-jury-children-killed-true-crime,Tennessee Death Row Inmate Christa Pike Expressed Kinship with Lindsay Clancy Prior to Halted Execution,"In interviews before her botched execution, convicted murderer Christa Pike shared personal reflections on postpartum trauma and high-profile criminal cases.",crime
20260930,DEPUTIES,UNITED STATES,190,"Charleston County, South Carolina, United States",32.7668,-79.9665,-10.0,-5.53191489361702,36,https://cbs12.com/news/nation-world/south-carolina-woman-charged-with-two-counts-of-homicide-by-child-abuse-court-records-murder-investigation-justine-marie-may-true-crime,South Carolina Mother Justine Marie May Indicted on Two Counts of Homicide by Child Abuse,Charleston County deputies arrested and charged a South Carolina mother with multiple homicide counts following an extensive investigation into fatal child abuse.,crime
20260930,,POLICE,190,"Wagga Wagga, New South Wales, Australia",-35.1258,147.354,-10.0,-11.1673120999168,36,https://www.bluemountainsgazette.com.au/story/9359855/alleged-hired-guns-silent-on-uni-students-trigger-man/,Suspected Contract Hitmen Refuse to Disclose Shooter in Wagga Wagga Student Murder Case,Court proceedings revealed that alleged hired accomplices in a targeted NSW university student killing refused to identify the primary gunman to investigators.,crime
20260930,CRIMINAL,,190,"Laurieton, New South Wales, Australia",-31.6448,152.795,-10.0,-8.08174988895493,36,https://www.newcastleherald.com.au/story/9360220/armed-bank-robber-felt-justified-in-inflicting-pain/,Convicted Australian Bank Robber Claimed Justification in Inflicting Violence During 1990s Heist,Court records examined during a parole hearing showed that a convicted bank robber expressed cold detachment regarding the terror and fatal violence he inflicted on bank staff.,crime
20261002,TENNESSEE,PRESIDENT,186,"Tennessee, United States",35.7449,-86.7489,-10.0,-5.67105265987647,34,https://1019bigwaax.iheart.com/content/2026-10-02-trump-responds-to-botched-christa-pike-execution/,Donald Trump Reacts to Botched Tennessee Execution of Death Row Inmate Christa Pike,"Former President Donald Trump addressed the failed lethal injection of Christa Pike, reiterating his support for capital punishment while questioning state execution protocols.",politics
20260928,KIEV,,193,"Moscow, Moskva, Russia",55.7522,37.6156,-10.0,-8.43811581315832,34,https://www.b92.net/svi-komentari/271402,Man Wounded in Drive-By Shooting Near Police Station in Berlin-Moabit,"German police initiated an emergency manhunt after suspects opened fire from a vehicle near a Berlin police precinct, critically injuring a 22-year-old victim.",crime
20261001,GERMANY,,163,"Zwickau, Sachsen, Germany",50.7333,12.5,-8.0,-3.02664212064888,32,https://www.freiepresse.de/nachrichten/sachsen/protest-bei-vw-beschaeftigte-verlassen-betriebsversammlung-artikel14431569,Volkswagen Workers in Zwickau Stage Walkout at Plant Assembly to Protest Restructuring Plans,Hundreds of automotive employees walked out of a Volkswagen factory meeting in Saxony to demonstrate against proposed production cutbacks and plant reorganization.,protest
20260926,WEST BANK,ISRAELI,192,"Yizhar, West Bank (general), West Bank",32.1667,35.2333,-9.5,-6.62165523696117,32,http://www.wataugademocrat.com/news/national/in-naza-israeli-whistleblowers-revelations-about-civilian-deaths-in-gaza-reflect-a-longer-history-of/article_36ab26d5-64bf-5929-a341-3d526ece9744.html,Israeli Military Whistleblower Accounts of Gaza Civilian Casualties Highlight Targeting Protocols,Investigative reports feature revelations from Israeli security personnel regarding relaxed rules of engagement and AI-assisted targeting contributing to heavy civilian casualties in Gaza.,conflict
20261002,MINNEAPOLIS,,190,"Minneapolis, Minnesota, United States",44.98,-93.2638,-10.0,-3.85026737967914,32,https://wysu.org/npr-national-news/2026-10-01/the-family-of-renee-good-files-lawsuits-over-her-death-during-minneapolis-ice-raids,Renee Good's Family Files Federal Lawsuit Seeking Justice Over Lethal Minneapolis ICE Operation,Attorneys representing the estate of Renee Good lodged federal civil rights claims accusing federal agents of reckless and unlawful deadly force during immigration sweeps.,politics
20260930,PRISON,,192,"Louisiana, United States",31.1801,-91.8749,-9.5,-2.4966261808367,32,https://www.kedm.org/2026-09-29/mahmoud-khalil-on-his-detention-by-ice-it-is-a-stain-on-the-u-s-consciousness,Detained Activist Mahmoud Khalil Denounces Prolonged ICE Custody in Louisiana as a Moral Stain,"Immigrant rights campaigner Mahmoud Khalil spoke out from a Louisiana detention facility, condemning indefinite civil detention and harsh conditions imposed on migrants.",politics
20261004,NEW YORK,,180,"New York, United States",42.1497,-74.9384,-9.0,-5.84234736540709,32,https://www.gulfcoastnewsnow.com/article/cornell-president-gang-rape-transparency/74008777,Cornell Interim President Pledges Comprehensive Transparency in Fraternity Assault Investigation,Leadership at Cornell University committed to total cooperation with external law enforcement after widespread campus outrage over allegations of Greek life assault.,crime
20261001,QUEENSLAND,,190,"Cudgen, New South Wales, Australia",-28.2667,153.55,-10.0,-7.07070707070706,30,https://www.smh.com.au/national/queensland/guns-kilos-of-drugs-and-queensland-police-uniforms-seized-in-nsw-raid-20261001-p6126v.html,"Police Uniforms, Firearms, and Kilograms of Illicit Drugs Seized in Major Border Raid at Cudgen","Cross-border detectives in northern New South Wales intercepted stolen Queensland police gear, military-style firearms, and narcotics during organized crime raids.",crime
20261001,,TERRORIST,192,"Ben Gurion, HaMerkaz, Israel",32.0114,34.8867,-9.5,-4.83985765124555,30,https://www.smh.com.au/world/middle-east/a-terrifying-plunge-loud-screams-and-blood-everywhere-how-flight-fz1073-unfolded-20261001-p6123e.html,Passengers Recount Terror and Rapid Mid-Air Dive During Cockpit Attack on FlyDubai Flight FZ1073,Travelers on a Dubai-to-Tel Aviv commercial flight described horrifying moments of sudden cabin decompression and screams as passengers tackled an armed co-pilot.,terror
20261001,JUDGE,,1821,"Warren County, Ohio, United States",39.4334,-84.1666,-9.0,-15.9203980099502,30,https://wach.com/news/nation-world/former-reality-tv-personality-pleads-guilty-charges-including-bestiality-cincinnati-warren-county-tony-mccollister-erica-grove-rape-child-endangering-sex-conduct-animals-bench-trial,Former Reality Television Personality Pleads Guilty to Severe Felony Sex Crimes in Ohio Bench Trial,"Tony McCollister and co-defendant Erica Grove entered guilty pleas in Warren County court to charges including sexual abuse, child endangering, and bestiality.",crime
20260927,ARMED FORCES,UNITED KINGDOM,190,"Fairford, Gloucestershire, United Kingdom",51.7,-1.78333,-10.0,-5.35279805352798,30,https://www.gulfcoastnewsnow.com/article/uk-air-base-us-explosives-offensives-detainment/73907874,Heightened Security Protocols Enforced at UK Bases Housing US Military Personnel and Assets,British and US defense authorities heightened installation surveillance following the detainment of an individual near RAF Fairford carrying suspected flammable materials.,conflict
20261001,POPULATION,ARMY,180,"Moscow, Moskva, Russia",55.7522,37.6156,-9.0,-1.63006607279806,30,https://ria.ru/20261001/spetsoperatsiya-2121353510.html,Russian Defense Ministry Releases Operational Frontline Update on Strategic Positions in Ukraine,"Official combat briefing from Moscow summarizing tactical artillery engagements, air defense interceptions, and advance vectors across eastern Ukrainian fronts.",conflict
20261001,POLICE,GOVERNMENT,150,"Perth, Western Australia, Australia",-31.9333,115.833,-7.2,-3.07529162248144,30,https://www.theage.com.au/politics/western-australia/climate-activists-banned-from-entering-police-fort-around-perth-defence-expo-20261001-p6122k.html,WA Police Issue Exclusion Orders Barring Climate and Anti-War Protesters from Perth Defense Expo,Western Australian authorities established a fortified security perimeter and banned designated activist leaders around the Perth Convention Centre during a defense industry summit.,protest
20260927,POLITICIAN,BATTALION,150,Russia,60.0,100.0,-7.2,1.71495171495172,30,https://news.yam.md/ro/story/67800398,Russian Political Leadership Comments on Volunteer Battalion Mobilization and Combat Readiness,Russian parliamentary and defense officials delivered speeches praising volunteer battalion combat readiness amid continuing regional hostilities in Ukraine.,conflict
20260930,PRISON,,193,"Stockholm, Stockholm, Sweden",59.3333,18.05,-10.0,-2.57587547659605,30,https://www.aftonbladet.se/nyheter/a/Rr77qd/aftonbladet-direkt?pinnedEntry=1497843,Swedish Prison and Probation Service Bolsters High-Security Protocols in Stockholm Facilities,Correctional authorities in Sweden implemented enhanced prisoner transfer and facility security measures following threats against penitentiary staff.,crime
20261001,PAKISTAN,AFGHANISTAN,1712,"Kabul, Kabol, Afghanistan",34.5167,69.1833,-9.2,-10.0408296978123,30,https://www.edenmagnet.com.au/story/9361240/pakistani-strikes-kill-nine-in-afghanistan-kabul-says/,"Pakistani Airstrikes Kill Nine Civilians in Eastern Afghanistan, Kabul Officials Report","Afghan government spokespersons condemned cross-border aerial bombardments by Pakistani fighter jets that struck residential homes in border provinces, killing nine.",conflict
20261001,POLICE,TURIN,186,,,,-10.0,-6.39256118178543,30,https://www.statoquotidiano.it/01/10/2026/abusi-e-violenze-nella-comunita-spirituale-arrestato-un-59enne/1353811/,59-Year-Old Leader Arrested for Coercion and Sexual Abuse in Spiritual Community Near Turin,"Italian Carabinieri detained the leader of a spiritual retreat near Turin on charges of psychological subjugation, physical violence, and sexual abuse of followers.",crime
20260927,YEMEN,,193,Yemen,15.5,47.5,-10.0,-5.45132374400667,30,https://yle.fi/a/74-20212869/64-3-310444,Coalition Airstrikes Target Houthi Military Installations in Southwestern Yemen,Western coalition air forces conducted precision strikes against missile launch facilities and underground ammunition bunkers controlled by Houthi forces in Yemen.,conflict
20260926,ATTORNEY,,1821,"Tennessee, United States",35.7449,-86.7489,-9.0,-9.05349794238686,30,https://kfoxtv.com/news/nation-world/experts-urge-tennessee-supreme-court-to-halt-sept-30-execution-over-trauma-risk-christa-gail-pike,Mental Health and Legal Experts Urge Tennessee Supreme Court to Halt Christa Pike Execution,"Medical experts petitioned Tennessee's highest court, arguing that executing Christa Pike despite severe juvenile trauma and brain impairment violated constitutional protections.",crime
20261001,RETIRED,,193,Venezuela,8.0,-66.0,-10.0,-7.38282893504453,30,https://www.el-carabobeno.com/migrante-venezolano-tiroteado-por-ice-en-texas-pasara-a-detencion-penal-sin-fianza/,Venezuelan Migrant Shot by ICE Agents in Texas Remanded to Criminal Custody Without Bail,A federal judge ordered a Venezuelan migrant to remain detained without bail following a controversial armed confrontation and shooting involving ICE agents in Texas.,crime
20261002,TENNESSEE,LAWYER,180,"Tennessee, United States",35.7449,-86.7489,-9.0,-5.69877883310719,30,https://www.darlingtonandstocktontimes.co.uk/news/national/26604195.christa-pike-ventilator-unconscious-failed-tennessee-execution/,Christa Pike Remains Unconscious on Life Support After Tennessee Aborts Lethal Injection,Prison authorities transported death row inmate Christa Pike to intensive care after technicians spent over two hours failing to find usable veins for execution drugs.,crime
20260926,JERSEY,,190,"Atlantic City, New Jersey, United States",39.3643,-74.4229,-10.0,-2.66272189349113,30,https://www.kasu.org/weather-environment-infrastructure/2026-09-26/windy-weddings-and-rocky-cruises-how-east-coasters-are-braving-the-noreaster-this-weekend,Atlantic Coast Residents and Travelers Endure Powerful Winds and Flooding from Weekend Nor'easter,"Severe maritime gales, coastal flooding, and travel disruptions battered communities from New Jersey to Virginia as a sprawling autumn Nor'easter stalled offshore.",cyclone
20260927,JUDGE,,190,"Sydney, New South Wales, Australia",-33.8833,151.217,-10.0,-6.89655172413793,30,https://www.watoday.com.au/national/nsw/he-murdered-his-ex-wife-her-will-left-everything-to-him-20260927-p60vxr.html,Court Overturns Will Granting Estate to Convicted Wife Killer in Landmark NSW Decision,A Sydney Supreme Court justice ruled that a man convicted of murdering his former spouse could not inherit her multimillion-dollar estate under the forfeiture rule.,crime
20261001,VICTORIA,,180,"Vancouver, British Columbia, Canada",49.25,-123.133,-9.0,-6.13265645501428,30,https://mapleridgenews.com/2026/10/01/b-c-grocery-store-manager-assault-sign-of-growing-danger-in-workplace/,Violent Assault on BC Supermarket Manager Highlights Rising Retail Workplace Dangers,Labor unions and retail associations in British Columbia sounded the alarm over growing workplace violence after a Vancouver grocery store manager was severely attacked.,crime
20261001,IRAN,,195,"Tehran, Tehran, Iran",35.75,51.5148,-10.0,-4.10233741304768,30,https://www.wfmz.com/news/ap/us-is-moving-thousands-of-troops-aboard-ships-to-the-mideast-as-trump-weighs-new-strikes-on-iran/article_bc709e88-7278-583c-a81f-48fdc1e9a684.html,US Deploys Thousands of Troops and Warships to Middle East as Tensions with Iran Escalate,The Pentagon directed amphibious strike groups and thousands of Marines to the Persian Gulf region amid rising confrontations and deliberations over retaliatory options against Iran.,conflict
20261002,UNIVERSITY,,163,Italy,42.833333,12.833333,-8.0,-4.82342807924203,30,http://www.kreiszeitung.de/welt/sexuelle-gewalt-an-us-uni-cornell-studentin-klagt-nach-angriff-zr-94521211.html,Cornell University Student Sues Greek Life Members Following Alleged Gang Rape in Ithaca,German international coverage details the legal and social fallout at Cornell University after a student filed suit alleging she was drugged and assaulted by fraternity members.,crime
20261002,FRANCE,STUDENT,190,"Paris, France (general), France",48.8667,2.33333,-10.0,-9.25294777620189,30,https://www.newcastleherald.com.au/story/9361831/french-schools-closed-as-student-protests-turn-violent/,French High Schools Shuttered as Nationwide Student Protests Turn Violent in Paris,Riot police deployed tear gas across Paris and major French cities as tens of thousands of high schoolers staged blockades over deteriorating educational conditions and funding cuts.,protest
20261001,SUPERIOR COURT,SUPERIOR COURT,190,,,,-10.0,-9.42622950819676,30,https://wach.com/news/nation-world/judge-denies-lindsay-clancys-request-for-not-guilty-finding-on-murder-charges-oct-1-2026,Massachusetts Judge Denies Lindsay Clancy's Motion for Not Guilty Finding in Child Slayings,"A Superior Court judge rejected defense requests to dismiss murder charges against Lindsay Clancy, ruling that a jury must evaluate claims of severe postpartum psychosis.",crime
20260930,MILITARY BASE,KINGDOM,190,"Burnham, Somerset, United Kingdom",51.2417,-2.99528,-10.0,-4.11985018726592,30,https://www.laverdad.es/internacional/europa/supuesto-atentado-base-militar-reino-unido-convierte-20260930182229-ntrc.html,UK Counter-Terrorism Forces Step Up Inquiries Following RAF Air Base Security Breach,British security agencies launched extensive counter-espionage investigations after several individuals were detained in possession of suspicious equipment near a military airbase.,terror
20261002,SPAIN,,190,"Madrid, Madrid, Spain",40.4,-3.68333,-10.0,-4.73152532644569,30,http://www.dailyadvance.com/news/world/what-to-know-about-spains-housing-protests-sparked-by-the-eviction-of-the-87-year/article_81f6be8c-868d-568b-af09-7bb72da363a8.html,Mass Housing Protests Erupt Across Spain Sparked by Eviction of 87-Year-Old Madrid Resident,Tens of thousands marched across Madrid and Barcelona clashing with riot police after an 87-year-old grandmother was forcibly evicted from her home by municipal bailiffs.,protest
20260930,THE US,GOVERNMENT,186,"Riverbend, Tennessee, United States",35.8954,-83.9763,-10.0,-6.51685393258427,30,https://www.times-series.co.uk/news/national/26596465.us-court-halts-execution-christa-pike-murder-committed-aged-18/,Federal Appeals Court Briefly Halts Execution of Christa Pike Over Youth Crime Culpability,A federal appellate panel issued a temporary stay of execution for Tennessee inmate Christa Pike to review whether late adolescent brain development bars capital punishment.,crime
20260929,SCHOOL,DEPUTY,190,Australia,-25.0,135.0,-10.0,-8.7993703614683,30,https://www.yasstribune.com.au/story/9359831/teacher-killed-in-student-attack-at-school-in-slovakia/,Teacher Killed and Deputy Injured in Violent Knife Attack by Student at Slovakian School,Slovakian police detained a secondary school student after he fatally stabbed an educator and critically injured a deputy principal during morning classes.,crime
20260929,JOURNALIST,,190,"Kiev, Ukraine (general), Ukraine",50.4333,30.5167,-10.0,-1.29900652749481,30,https://euronews.al/kievi-nen-bresherine-e-raketave-dhe-droneve-ruse-ukraina-aktivizon-mbrojtjen-ajrore/,Ukrainian Air Defenses Engage Intensive Waves of Russian Missile and Drone Strikes Over Kyiv,Air defense units in the Ukrainian capital intercepted multiple cruise missiles and explosive drones as Russian forces launched barrage strikes on energy utilities.,conflict
20260929,BANGKOK,THAI,190,"Bangkok, Krung Thep Mahanakhon, Thailand",13.75,100.517,-10.0,-4.00000000000001,30,https://hot96.com/2026/09/28/thailand-expects-to-clear-bangkok-floodwater-in-two-to-three-days-government-says/,Thai Government Deploys High-Capacity Pumps to Clear Bangkok Floodwaters in 72 Hours,Thai disaster management officials mobilized emergency drainage systems to remove severe monsoon floodwaters inundating low-lying residential sectors of Bangkok.,flood
20260928,ISRAELI,PALESTINIAN,190,"Gaza City, Israel (general), Israel",31.4167,34.3333,-10.0,-6.32183908045977,30,http://www.batonrougepost.com/news/279336340/at-least-4-palestinians-killed-12-injured-in-israeli-strikes-across-gaza,At Least Four Palestinians Killed and 12 Injured in Israeli Air Strikes Across Gaza,Palestinian health authorities reported four fatalities and multiple injuries following Israeli strikes targeting residential compounds in Gaza City.,conflict
20261003,RUSSIAN,ODESA,190,"Black Sea, Oceans (general), Oceans",43.0,35.0,-10.0,-9.52032027511599,30,https://www.thewestmorlandgazette.co.uk/news/national/26604528.deadly-russian-strikes-damage-kyivs-northern-bridge/,Deadly Russian Precision Strikes Inflict Severe Structural Damage on Kyiv's Northern Bridge,"Russian missile strikes struck transportation infrastructure in northern Kyiv, claiming civilian casualties and severing critical arterial road links across the Dnipro.",conflict
20261003,AFGHANISTAN,WORKER,190,Tajikistan,39.0,71.0,-10.0,-3.4787915776625,30,https://english.news.cn/20261003/558cda0c5d634d8aba74181705d7fc90/c.html,Five Miners Killed in Tragic Tunnel Collapse at Northern Afghanistan Mineral Site,Local officials in Takhar province confirmed five laborers lost their lives when an unsupported shaft collapsed at a remote mining facility near the Tajik border.,humanitarian
20261003,BUSINESS,,190,"Devri, Burdur, Turkey",37.5231,30.6747,-10.0,-4.34285714285714,30,https://www.birgun.net/haber/yasamdan-koparilan-madenciler-son-yolculuklarina-ugurlandi-hadi-hadi-denilerek-yeraltina-gonderildiler-738307%20target=_blank,Turkish Coal Miners Killed in Burdur Mine Disaster Laid to Rest Amid Outrage Over Safety Pressures,Grieving families buried workers killed in a Burdur mining collapse as surviving miners condemned management for enforcing reckless production quotas without adequate safety.,humanitarian
20260927,POLICE,HELSINKI,193,"Helsinki, Eteläuomen Läi, Finland",60.1756,24.9342,-10.0,-1.6,30,https://www.kouvolansanomat.fi/uutissuomalainen/9826832,Helsinki Police Subdue Aggressive Knife-Armed Suspect Using Taser and Service Weapon,Finnish law enforcement officers in Helsinki's Hämeentie district discharged a service weapon and stun gun to incapacitate an armed suspect threatening bystanders.,crime
20261003,AL QAEDA,,190,"Jerusalem, Israel (general), Israel",31.7667,35.2333,-10.0,-2.34146341463414,30,https://www.index.hr/vijesti/clanak/otkriven-tko-je-napao-kopilota-putnickog-aviona-islamisticki-fanatik-koji-mrzi-zene/2841487.aspx,Identity Disclosed for Co-Pilot Who Attempted Flight Crash: Radicalized Extremist with Violent Views,Investigative files reveal that the co-pilot who stabbed his captain and attempted to dive a FlyDubai passenger aircraft was motivated by radical extremist ideology.,terror
20261003,COLONIST,,180,Israel,31.5,34.75,-9.0,-5.7786385727562,30,https://shasha.ps/home/%D9%85%D8%B3%D8%AA%D8%B9%D9%85%D8%B1%D9%88%D9%86-%D8%A8%D8%AD%D9%85%D8%A7%D9%8A%D8%A9-%D8%AC%D9%8A%D8%B4-%D8%A7%D9%84%D8%A7%D8%AD%D8%AA%D9%84%D8%A7%D9%84-2,Armed Israeli Settlers Escorted by Military Forces Enter Palestinian Agricultural Lands,Palestinian agricultural monitoring organizations documented armed Israeli settlers cutting down olive groves under armed military escort in the occupied West Bank.,conflict
20260929,GOVERNMENT SOLDIER,FIGHTER,190,"Lahj, La?ij, Yemen",13.0567,44.8819,-10.0,-5.87517058105293,30,https://www.bordermail.com.au/story/9359837/heavy-fighting-continues-in-southwestern-yemen/,Intense Clashes Erupt Between Yemeni Government Forces and Houthi Fighters in Lahj Province,"Frontline combat intensified across southwestern Yemen as government infantry, backed by artillery, countered renewed Houthi ground offensives in Lahj.",conflict
20260930,DETECTIVE,,190,"Paddington, Western Australia, Australia",-30.4833,121.333,-10.0,-9.01279906081436,30,https://www.standard.net.au/story/9359841/inner-city-terrace-dissected-in-officers-murder-trial/,Forensic Examination of Inner-City Terrace Detailed in Trial of Accused Officer,Crime scene experts walked jurors through blood-spatter patterns and ballistic evidence collected from a Paddington terrace in the double-murder case against a former cop.,crime
20260929,PROSECUTOR,,180,"Texas, United States",31.106,-97.6475,-9.0,-7.71704180064308,30,https://www.eptrail.com/2026/09/29/ice-shooting-austin-charges/,Travis County Prosecutors Weigh Criminal Indictments Following Fatal Austin ICE Agent Shooting,Texas district attorneys reviewed evidence regarding an altercation in Austin where federal immigration agents fatally discharged firearms during a targeted vehicle stop.,politics
20260928,HAITI,GANG,190,"Port-Au-Prince, Ouest, Haiti",18.5392,-72.335,-10.0,-7.68544070113577,30,https://www.dailygazette.com/the_recorder/ap/national/what-to-know-as-trials-over-the-assassination-of-haitis-president-resume-in-miami/article_f3ace52a-3ea7-546a-a80c-9c1764d83bd1.html,Federal Conspiracy Trials Over the Assassination of Haitian President Jovenel Moïse Resume in Miami,US federal prosecutors in Florida resumed trial proceedings against multiple conspirators and security contractors implicated in the 2021 assassination of Haiti's leader.,politics
20261001,GANG,,1821,"Cornell University, New York, United States",42.447,-76.483,-9.0,-6.35538261997406,30,https://www.record-bee.com/2026/09/30/cornell-investigation-fraternities/,Cornell University Expands Systemic Review of Campus Greek Life Conduct and Safety Protocols,University trustees and administrative oversight boards launched an independent probe into fraternity culture and regulatory oversight following sexual violence complaints.,education
20261003,IRAN,,193,Iran,32.0,53.0,-10.0,-6.80900393774775,30,https://yle.fi/a/74-20212869/64-3-310783,Regional Powers on High Alert as Iranian Forces Conduct Naval Exercises in Persian Gulf,International military monitors observed missile boat maneuvers and naval drills conducted by Iran's Revolutionary Guard Corps near commercial transit corridors.,conflict
20260930,MILITARY,RUSSIAN,195,"Moscow, Moskva, Russia",55.7522,37.6156,-10.0,-6.38023120513467,30,https://www.botasot.info/evrope-bota/2533552/sulmet-ajrore-ruse-vrasin-3-persona-dhe-plagosin-7-te-tjere-ne-ukraine/,Russian Aerial Bombardments Kill Three and Injure Seven Across Eastern Ukraine,Regional emergency agencies in Ukraine reported three civilian deaths and multiple injuries following nighttime glide bomb and rocket strikes on residential neighborhoods.,conflict
20260930,MILITIA,EMBASSY,190,"Baghdad, Baghdad, Iraq",33.3386,44.3939,-10.0,-4.02690720248656,30,http://www.come-on.de/politik/alle-us-truppen-aus-dem-irak-abgezogen-zr-94517430.html,Final Detachments of US Armed Forces Complete Full Strategic Withdrawal from Iraqi Bases,"Military transport aircraft airlifted the last American combat support units out of Iraq, ending over a decade of continuous coalition counter-terrorism deployment.",politics
20260927,UNITED KINGDOM,,190,United Kingdom,54.0,-4.0,-10.0,-9.27809945980455,30,https://news.yam.md/ro/story/67998786,UK Intelligence Agencies Review Protective Security Across Strategic Defense Installations,British security officials implemented heightened counter-sabotage measures and patrols around Royal Air Force stations housing multinational military squadrons.,conflict
20260928,NEW YORK CITY,WORKER,190,"Brooklyn, New York, United States",42.3442,-75.1704,-10.0,-8.71212121212121,30,https://katv.com/news/nation-world/noreaster-northeast-weakens-but-coastal-flooding-lingers-from-new-jersey-to-new-england-national-weather-service-slow-moving-storm-heavy-rain-strong-winds-power-outages,Slow-Moving Nor'easter Leaves Widespread Coastal Flooding and Power Outages from NJ to New England,National Weather Service meteorologists reported persistent storm surges and high tides flooding low-lying coastal communities even as the main low-pressure center weakened.,cyclone
20261003,NORTH KOREA,,194,"Seoul, Soul-t'ukpyolsi, South Korea",37.5664,127.0,-10.0,-2.53378740174345,30,https://www.theadvocate.com.au/story/9361926/north-korea-fires-ballistic-missile-toward-sea/,North Korea Test-Fires Ballistic Missile into Sea Off Eastern Coastline,"South Korean joint chiefs reported an unidentified ballistic missile launch from North Korea's Sunan airfield, prompting immediate security consultations in Seoul and Washington.",conflict
20260928,UKRAINIAN,,190,"Kiev, Ukraine (general), Ukraine",50.4333,30.5167,-10.0,-7.67118534628849,30,https://uainfo.org/blognews/1790580006-truba-dlya-diversantiv-stala-truboyu-dlya-vikradennya-lyudey-.html,Ukrainian Security Analysts Expose Sabotage Tunnels Used for Frontline Cross-Border Infiltrations,Ukrainian military intelligence uncovered underground utility pipelines and industrial culverts adapted by hostile forces for infiltration and abduction operations.,conflict
20261002,POLITICIAN,TERRORIST,190,United Kingdom,54.0,-4.0,-10.0,-13.9065612749823,30,https://www.esaimaa.fi/uutissuomalainen/9843916,Murder Suspect in Widdecombe Case Formally Indicted on Farage Terrorism Plot,British judicial authorities filed an indictment alleging the murder suspect prepared terror strikes targeting Reform UK party leader Nigel Farage.,terror
20261003,POLICE,PROTESTER,175,India,20.0,77.0,-9.0,-4.15429976967266,30,https://yle.fi/uutiset/lyhyesti/74-20249632,Clashes in India as Security Forces Disperse Demonstrations Over Voter Registration Rolls,Indian police officers used water cannons and barricades to control widespread protest crowds marching against contentious voter list revisions in Delhi.,protest
20261002,STUDENT DEMONSTRATOR,FRENCH,190,"Paris, France (general), France",48.8667,2.33333,-10.0,-11.1111111111111,30,https://www.brisbanetimes.com.au/world/french-students-take-to-the-street-to-protest-school-conditions-20261003-p612is.html,French High School Students Flood Paris Streets to Protest Cramped Classrooms and Faculty Deficits,Demonstrations across Paris escalated into confrontations with police as thousands of secondary school students marched to demand urgent educational investments.,protest
20261002,LAWYER,,163,,,,-8.0,-8.61861861861861,30,https://javanews.al/emrat-gjkko-gjobit-avokatet-pas-bojkotit-ndaj-rregullores-censuruese-4-prej-tyre-e-ankimojne-nisin-proceset/,Albanian Special Court GJKKO Fines Defense Attorneys Following Boycott Over Restrictive Media Regulations,Albanian anti-corruption judges imposed disciplinary fines on prominent defense lawyers who staged court boycotts against rules limiting access to judicial hearings.,media
20260930,TERRORIST,ISRAELI,190,"Tel Aviv, Tel Aviv, Israel",32.0667,34.7667,-10.0,-7.7123630825314,30,https://www.bfmtv.com/international/moyen-orient/israel/vol-a-destination-de-tel-aviv-deroute-le-ministre-israelien-de-la-securite-nationale-affirme-qu-un-terroriste-a-voulu-faire-s-ecraser-l-avion_AD-202609300476.html,FlyDubai Flight to Tel Aviv Diverted to Saudi Arabia After Co-Pilot Stabs Captain in Hijacking Attempt,Israeli and French security officials reported a commercial passenger airliner was forced to make an emergency landing in Tabuk after a radicalized co-pilot attempted to down the aircraft.,terror
20260926,KING,POLICE OFFICER,190,"Melbourne, Victoria, Australia",-37.8167,144.967,-10.0,-6.96685778882678,30,https://www.edenmagnet.com.au/story/9357813/standing-room-only-in-murder-trial-of-jealous-cop/,Standing Room Only as Murder Trial of Former Police Constable Begins in Supreme Court,A packed courtroom observed the opening arguments in the murder trial of a former Sydney police officer accused of executing two men in an act of premeditated jealousy.,crime
20261002,LOUISIANA,,190,"Louisiana, United States",31.1801,-91.8749,-10.0,-7.09102127636543,30,https://www.mesabitribune.com/around_the_web/news/christa-pike-survived-a-lethal-injection-attempt-the-latest-person-to-endure-a-failed-execution/article_6825bf28-c579-5ea0-97ce-4e749422ff41.html,Christa Pike Joins List of Inmates Surviving Botched Lethal Injection Attempts in the United States,"Legal commentators review the constitutional fallout of Tennessee's botched execution of Christa Pike, drawing comparisons to prior lethal injection failures in Idaho and Alabama.",crime
20260926,KIEV,,190,"Rostov, Rostovskaya Oblast', Russia",47.2364,39.7139,-10.0,-11.5894159608035,30,https://www.zeit.de/news/2026-09/26/selenskyj-tote-und-verletzte-durch-russische-angriffe,Zelenskyy Reports Dead and Wounded as Russian Forces Intensify Cross-Border Bombardment,Ukrainian President Volodymyr Zelenskyy confirmed civilian casualties following relentless Russian artillery and drone barrages against front-line cities and energy plants.,conflict
20260929,POLICE,MIGRANT,192,,,,-9.5,-3.54884334808743,30,https://www.elcomercio.es/politica/policia-trasladara-migrantes-playa-benitez-loma-colmenar-20260929090257-ntrc.html,Spanish Police Relocate Migrants from Benitez Beach to Temporary Processing Facility in Ceuta,Spanish national police and Red Cross personnel coordinated the orderly transfer of arriving migrants from coastal camps to the Loma Colmenar reception center.,humanitarian
20260930,MEXICO,AUSTRALIAN,190,United States,39.828175,-98.5795,-10.0,-4.30292598967298,30,https://www.watoday.com.au/world/north-america/verdict-date-set-as-mother-of-australian-brothers-killed-in-mexico-makes-plea-20261001-p611we.html,Verdict Date Scheduled in Mexico Slaying of Australian Surfer Brothers as Mother Pleads for Justice,A Mexican criminal court finalized the trial verdict timetable for suspects charged with the robbery and murder of two Australian surfing tourists and an American friend in Baja California.,crime
20261001,TENNESSEE,PRISON,190,"Tennessee, United States",35.7449,-86.7489,-10.0,-9.50789103655346,30,https://www.tanea.gr/2026/10/01/world/tragodia-xaraktirizei-o-kyvernitis-tin-apotyximeni-ektelesi-tis-krista-paik-katargisi-tis-thanatikis-poinis-zitei-o-oie/,Tennessee Governor Calls Botched Execution a Tragedy as UN Urges Immediate Capital Abolition,Tennessee Governor Bill Lee acknowledged systemic procedural breakdowns in the aborted lethal injection of Christa Pike as the United Nations demanded an end to executions.,politics
20260929,POLICE,,1822,"Damascus, Dimashq, Syria",33.5,36.3,-9.0,-1.90217391304348,30,https://krdo.com/news/national-world/cnn-world/2026/09/29/post-assad-syria-is-facing-its-biggest-stress-test-yet-heres-why-that-matters/,Post-Assad Syria Confronts Fragile Security Transitions and Governance Challenges,"A comprehensive analysis details how Syrian transition authorities face severe security tests, sectarian reconciliation obstacles, and competing regional military incursions.",politics
20261001,POPULATION,ARMY,192,Ukraine,49.0,32.0,-9.5,-3.89993816249203,30,https://ria.ru/20261001/spetsoperatsiya-2121353807.html,Russian Missile and Aviation Units Strike Ukrainian Ammunition and Drone Production Depots,Russian high-precision weapon strikes destroyed Ukrainian drone assembly facilities and weapon storage depots across southern command zones.,conflict
20260928,RUSSIAN,UKRAINE,190,"Sinelnikovo, Saratovskaya Oblast', Russia",51.9374,44.74,-10.0,-6.78218366742942,28,https://korrespondent.net/ukraine/4915532-na-kyevschyne-zafyksyrovaly-prevyshenye-ammyaka-posle-ataky,Ammonia Levels Exceed Permissible Limits in Kyiv Region Following Strike on Chemical Storage Site,Environmental inspectors in Kyiv Oblast detected hazardous atmospheric ammonia concentrations after an aerial drone strike damaged an agro-industrial cooling facility.,environment
20261001,UKRAINE,RUSSIAN,154,Russia,60.0,100.0,-7.2,-7.4666733037155,28,https://www.dailyadvertiser.com.au/story/9360611/russia-attacks-ukraine-energy-grid-forcing-power-cuts/,"Russian Missile Strikes Devastate Ukrainian Power Grid, Forcing Emergency Rolling Blackouts","Heavy missile barrages crippled major thermal generating plants and electrical substations across Ukraine, leaving over a million households without electricity.",conflict
20260926,WORKER,,175,"New Delhi, Delhi, India",28.6,77.2,-9.0,-4.72558539618958,26,https://aninews.in/news/national/politics/ec-lost-its-credibility-pinarayi-vijayan-says-cec-turning-personal-views-into-decisions-warns-protests-will-intensify20260926122203/,"Kerala Chief Minister Pinarayi Vijayan Accuses Election Commission of Partisanship, Warns of Escalating Protests",Chief Minister Pinarayi Vijayan claimed the Election Commission has lost institutional impartiality over controversial administrative voter registry rulings.,protest
20260929,OKLAHOMA,,190,"Oklahoma, United States",35.5376,-96.9247,-10.0,-5.78778135048232,26,https://www.wjcl.com/article/oklahoma-nonprofit-investigating-okc-butcher-murders/73934670,Cold Case Investigative Nonprofit Examines Unsolved 'OKC Butcher' Homicides in Oklahoma,A volunteer criminal justice nonprofit deployed forensic genealogists to review physical evidence in an effort to identify the serial killer known as the Oklahoma City Butcher.,crime
20260926,NEWS OUTLET,AMERICAN,190,United States,39.828175,-98.5795,-10.0,-4.14012738853504,25,https://www.hamhigh.co.uk/news/national/26584388.briton-wife-killed-athens-building-collapse---reports/,British National and Spouse Among Fatalities in Athens Building Collapse Following Blast,UK consular staff mobilized after reports confirmed a British citizen and his wife were among those killed when a gas explosion toppled a building near the Acropolis.,world
20260929,MIAMI,,190,"Tipp City, Ohio, United States",39.9584,-84.1722,-10.0,-9.40594059405941,25,https://fox23.com/news/nation-world/verdict-in-caleb-flynn-found-guilty-of-murder-in-miami-county-case-tipp-city-troy-ashley-flynn-ohio,Ohio Jury Finds Caleb Flynn Guilty of Aggravated Murder in Miami County Shooting Trial,"A county jury in Troy, Ohio delivered a unanimous guilty verdict against Caleb Flynn for the premeditated fatal shooting of his estranged spouse in Tipp City.",crime
20260927,IRAN,UNITED STATES,190,"New York, United States",42.1497,-74.9384,-10.0,-2.92428437906727,24,http://www.mexicostar.com/news/279331869/allies-back-saudi-arabia-as-houthi-attacks-intensify,International Coalition Reaffirms Support for Saudi Arabia Amid Spate of Houthi Drone Incursions,Western and Gulf partners pledged enhanced air defense radar cooperation to protect Saudi oil facilities and civilian airports from cross-border drone strikes.,conflict
20260927,NEW YORK CITY,EMPLOYEE,190,"New Jersey, United States",40.314,-74.5089,-10.0,-9.04328135453654,24,https://wtkg.iheart.com/content/2026-09-27-noreaster-to-linger-on-sunday/,Heavy Precipitation and Tropical Winds from Autumn Nor'easter Forecast to Linger Across Mid-Atlantic,Coastal communities in New Jersey and New York prepared for extended beach erosion and localized road closures as a stalling Nor'easter generated multi-day flood alerts.,cyclone
20260927,KIEV,SUICIDE BOMBER,190,"Kiev, Ukraine (general), Ukraine",50.4333,30.5167,-10.0,-4.51306413301663,24,https://www.dna.fr/defense-guerre-conflit/2026/09/27/cinq-morts-dans-des-nouvelles-frappes-russes-kiev-attaquee-sans-relache,Five Civilians Killed as Russian Military Targets Kyiv in Relentless Nighttime Bombardment,"Ukrainian rescue crews combed through rubble in residential suburbs of Kyiv after Russian ballistic missiles struck apartment buildings, claiming five lives.",conflict
20261001,PRESIDENT,IRAN,190,"Tehran, Tehran, Iran",35.75,51.5148,-10.0,-1.88915434971985,24,https://www.winnipegfreepress.com/world/2026/10/01/us-is-moving-thousands-of-troops-aboard-ships-to-the-mideast-as-trump-weighs-new-strikes-on-iran,Thousands of US Marines and Amphibious Vessels Mobilize to Persian Gulf Amid Iranian Threats,Pentagon commanders ordered rapid amphibious strike group deployments to Gulf waters as the White House deliberated strategic deterrence options against Iranian naval maneuvers.,conflict
20260930,POLICE,AUSTRALIA,190,"Gurranang, New South Wales, Australia",-29.45,153.0,-10.0,-6.49305388465148,24,https://www.dailyliberal.com.au/story/9359900/neighbour-allegedly-murdered-family-members-weeks-apart/,Northern NSW Neighbor Arrested and Charged with Separate Murders of Two Relatives,Detectives in Gurranang arrested a property owner for allegedly killing two family members in separate violent altercations spaced weeks apart on rural land.,crime
20261001,POLICE,AUSTRALIA,190,"Dandenong, Victoria, Australia",-37.9833,145.2,-10.0,-13.5313562083896,24,https://www.armidaleexpress.com.au/story/9360726/teens-charged-after-crime-spree-targeting-lone-women/,Three Teens Arrested and Charged Following Aggravated Robbery Spree Targeting Lone Women in Melbourne,Victoria Police apprehended three adolescents who engaged in a coordinated series of violent street robberies and assaults against female pedestrians in Dandenong.,crime
20260930,IRAN,SAUDI ARABIA,190,Iran,32.0,53.0,-10.0,-2.41157556270096,24,https://www.northwalespioneer.co.uk/news/national/26596386.trump-hails-us-military-exit-iraq-12-year-mission/,Donald Trump Commends Completion of American Military Exit from Iraq After 12-Year Deployment,"Former President Donald Trump welcomed the final withdrawal of US troops from bases in Iraq, framing it as a fulfillment of promises to end foreign entanglements.",politics
20260930,PALESTINIAN,ISRAEL,195,Israel,31.5,34.75,-10.0,-3.60424930881116,24,http://www.wlz-online.de/panorama/notruf-und-streit-im-cockpit-flydubai-flugzeug-muss-in-saudi-arabien-notlanden-zr-94517798.html,"Cockpit Attack on FlyDubai Passenger Jet Prompts Emergency Mayday Landing in Tabuk, Saudi Arabia",A FlyDubai Boeing 737 carrying over 150 passengers executed an emergency descent into Tabuk after the co-pilot attacked the flight commander with a concealed blade.,terror
20261003,IRANIAN,JEWISH,194,"Manchester, Manchester, United Kingdom",53.5,-2.21667,-10.0,-8.31531736549656,24,https://kesq.com/news/national-world/cnn-world/2026/10/03/2-iranian-men-charged-over-alleged-bomb-plot-to-target-uk-jewish-community-appear-in-court/,Two Iranian Men Charged with Terrorist Conspiracy to Bomb UK Jewish Community Centers Appear in Court,British counter-terrorism prosecutors brought two Iranian nationals before a London magistrate on charges of procuring explosives to attack Jewish community sites in Manchester.,terror
20260929,FARMER,UNITED KINGDOM,191,"Fairford, Gloucestershire, United Kingdom",51.7,-1.78333,-9.5,-4.04111647664656,24,https://www.eveningnews24.co.uk/news/national/26592963.raf-fairford-suspect-called-police-hour-farmer-raised-alarm/,Police Timeline Shows Intrusion Suspect Contacted Emergency Dispatch Shortly After Detection at RAF Fairford,Investigative logs confirm an armed suspect arrested outside RAF Fairford made an emergency telephone call to police after being spotted by an alert local farmer.,terror
20261003,PRESIDENT,,180,"New York, United States",42.1497,-74.9384,-9.0,-5.66077272914095,24,https://ktvz.com/news/national-world/cnn-national/2026/10/03/outrage-grows-over-cornell-sexual-assault-investigation-as-governor-rebukes-das-handling-of-the-case-heres-the-latest-2/,New York Governor Rebukes Prosecutor's Initial Handling of Cornell Fraternity Sexual Assault Investigation,"New York Governor Kathy Hochul publicly criticized the local district attorney's sluggish response to rape allegations at Cornell University, ordering state review.",politics
20260930,MICHIGAN,,180,"University Of Minnesota, Minnesota, United States",44.0697,-93.5161,-9.0,-6.25,24,https://www.record-bee.com/2026/09/29/cornell-intoxication-law/,Legal Scrutiny Focuses on Involuntary Intoxication and Consent Laws Amid Cornell Fraternity Case,Legal scholars and victim advocates in New York examine statutes governing chemical incapacitation as evidence emerges of ketamine drugging in the Cornell fraternity case.,crime
20260930,TERRORIST,MILITARY,180,"Kano, Kano, Nigeria",11.9964,8.51667,-9.0,-5.91432225063935,24,https://english.news.cn/20260930/03988b4006254e638a12b34598eb94ba/c.html,Nigerian Military Troops Rescue 41 Kidnapped Travelers Following Ambush in Zamfara,"Nigerian army units engaged armed terrorists in Zamfara State, rescuing 41 travelers from Senegal whose transport vehicle had broken down on a highway to Kano.",terror
20260928,POLISH,AIR FORCE,190,Poland,52.0,20.0,-10.0,-3.78940308517774,24,https://drimble.nl/binnenlands-nieuws/108132644/russische-drone-raakt-oekraiense-grenspost-net-over-poolse-grens.html,Russian Combat Drone Strikes Ukrainian Frontier Checkpoint Near Polish Border,"A Russian explosive drone detonated against a Ukrainian customs border post situated mere kilometers from Polish territory, activating NATO border radar alerts.",conflict
20260928,FARMER,UNITED KINGDOM,191,"Chicago, Illinois, United States",41.85,-87.6501,-9.5,-3.38411282159996,24,https://www.somersetcountygazette.co.uk/news/national/26586818.raf-fairford-know-far/,What We Know So Far About the Security Breach and Detentions Near RAF Fairford,"An investigative overview detailing the chronology, suspect profile, and intelligence findings regarding an intrusion attempt outside RAF Fairford air base.",terror
20260928,UKRAINIAN,RUSSIAN,190,"Slavyansk, Primorskiy Kray, Russia",42.8696,131.378,-10.0,-6.62251655629139,24,http://www.kreiszeitung.de/politik/kiew-trifft-wichtige-militaerziele-russlands-nachschub-unter-druck-zr-94513504.html,Ukrainian Precision Drone Strikes Disrupt Strategic Russian Military Supply and Logistics Nodes,"Ukrainian long-range strike campaigns successfully disabled Russian railway bridges, ammunition stockpiles, and fuel depots supplying eastern front sectors.",conflict
20260929,ANTHONY ALBANESE,POLITICAL PRISONER,182,"Vietnam, Republic Of",16.166667,107.833333,-9.5,-6.6530714747297,24,https://www.cessnockadvertiser.com.au/story/9359066/aussie-activist-detained-in-vietnam-on-terror-charges/,Australian Human Rights Activist Detained in Vietnam on Controversial Terrorism Charges,The Australian Department of Foreign Affairs sought urgent consular access after a retired Australian democracy activist was arrested by Vietnamese authorities in Hanoi.,terror
20260927,,UNITED STATES,193,"Harpers Ferry, West Virginia, United States",39.3254,-77.7389,-10.0,-11.9402985074627,24,https://okcfox.com/news/nation-world/nicole-taylor-harpers-ferry-west-virginia-house-fire-murder-arson-husband-daughter-fatally-shot,Harpers Ferry Woman Nicole Taylor Charged with Arson and Murder of Husband and Daughter,West Virginia state troopers arrested Nicole Taylor on first-degree murder and arson charges after her husband and daughter were found fatally shot inside a burning home.,crime
20260929,ESTONIA,COMPANY,180,"Kremlin, Moskva, Russia",55.7522,37.6156,-9.0,-9.77294788302358,24,https://www.winnipegfreepress.com/world/2026/09/29/estonia-blames-russia-for-arson-attack-on-defense-company-that-provides-vehicles-to-ukraine,Estonian Authorities Blame Russian Military Intelligence for Arson Attack on Defense Supplier,Estonian security services determined that a destructive fire at a manufacturing plant supplying armored vehicles to Ukraine was an act of Russian state-sponsored sabotage.,terror
20260929,SENATOR,,186,"Tennessee, United States",35.7449,-86.7489,-10.0,-5.08744038155803,24,https://www.kvnf.org/2026-09-28/tennessees-failed-execution-ignites-a-medical-ethics-debate,Tennessee's Botched Lethal Injection Sparks Intense Medical Ethics Debate Among Clinicians,"Physicians, bioethicists, and anesthesiologists raised ethical concerns over healthcare personnel participation in botched lethal injections following the Christa Pike incident.",health
20261001,DEMOCRATIC REPUBLIC OF CONGO,BANGUI,190,Congo,-1.0,15.0,-10.0,-6.42382553810767,24,https://www.reporterherald.com/2026/10/01/deportation-flight-violence/,Deportees Stage Violent Mutiny Aboard US-Chartered Repatriation Flight Over Central Africa,Federal authorities launched an inquiry after detainees bound for the Democratic Republic of the Congo attempted to overwhelm flight guards during a technical refueling stop.,politics
20260926,POLICE,KINGSTON,190,"Cobb County, Georgia, United States",33.9334,-84.5666,-10.0,-4.15342163355408,24,https://kfdm.com/news/nation-world/26-year-old-identified-as-dismembered-woman-whose-torso-was-found-in-plastic-tub-police-dismemberment-malice-murder-homicide-investigation-death-concealment-of-a-body-parts-human-remains-garbage-bags-true-crime,Georgia Detectives Identify Dismembered 26-Year-Old Woman Found in Concealed Container,Cobb County police identified human remains discovered hidden in a plastic container as a missing 26-year-old woman and launched an aggravated malice murder investigation.,crime
20260928,KHARKIV,,195,"Kharkiv, Kharkivs'ka Oblast', Ukraine",49.9808,36.2527,-10.0,-8.62462271665795,23,https://www.dsnews.ua/ukr/politics/vorog-atakuvav-kijivshchinu-troye-zagiblih-ta-8-poranenih-28092026-468499,Russian Missile Attack on Kyiv Region Leaves Three Dead and Eight Wounded,Emergency response teams in Kyiv Oblast extinguished fires across residential structures after Russian ballistic strikes killed three civilians and hospitalized eight others.,conflict
20261003,UKRAINIAN,,192,"Donbass, Ukraine (general), Ukraine",48.5,38.5,-9.5,-2.58866489459289,22,https://www.mediafax.ro/externe/zelenski-ucraina-va-lansa-atacuri-asupra-rafinariilor-rusesti-ca-raspuns-la-noua-doctrina-a-moscovei-privind-atacurile-aeriene-23818871,President Zelenskyy Vows Retaliatory Strikes on Russian Oil Refineries in Response to Air Offensive,Ukrainian President Volodymyr Zelenskyy declared that Ukraine will intensify asymmetric drone strikes against Russian energy infrastructure to counter Moscow's air campaign.,conflict
20260928,UNITED STATES,,1822,"Tennessee, United States",35.7449,-86.7489,-9.0,-8.29875518672199,22,https://wlap.iheart.com/content/2026-09-28-1st-woman-to-be-executed-in-tennessee-in-over-200-years/,Christa Pike Slated as First Woman Scheduled for Execution in Tennessee in Over Two Centuries,"Historical feature examines the capital conviction of Christa Pike as she faced lethal injection, marking the first scheduled execution of a female prisoner in Tennessee in 200 years.",crime
20260928,JUDGE,,190,"Friuli, Friuli-Venezia Giulia, Italy",46.1667,13.0,-10.0,-9.22874397422474,22,https://www.leggo.it/italia/roma/28_settembre_2026_regeni_condannati_tre_007_egiziani_oggi-9791112.html,Rome Court Sentences Three Egyptian Secret Service Officers In Absentia for Giulio Regeni Murder,"Italian judges in Rome convicted three high-ranking Egyptian intelligence agents for the 2016 kidnapping, torture, and murder of Italian doctoral researcher Giulio Regeni.",crime
20261001,KABUL,,190,"Erbil, Liwa' Irbil, Iraq",36.1926,44.0106,-10.0,-5.26882565019611,22,https://www.ariananews.af/four-members-of-one-family-killed-in-helmand-in-pakistan-airstrike/,Four Family Members Killed in Pakistani Airstrikes Targeting Helmand Province,Afghan regional authorities confirmed four civilians from a single family perished when Pakistani aircraft bombed suspected militant hideouts in southern Helmand province.,conflict
20260930,ISRAELI,SETTLER,190,"Jerusalem, Israel (general), Israel",31.7667,35.2333,-10.0,-2.30314674707435,21,https://www.silwanic.net/article/news/80069,"Nearly 1,800 Israeli Settlers Storm Al-Aqsa Mosque Compound During Sukkot Celebrations","Hundreds of Israeli settlers, accompanied by National Security Minister Itamar Ben-Gvir, performed collective prayers and religious rites inside the Al-Aqsa Mosque courtyards.",conflict
20260926,BANGKOK,,191,"Bangkok, Krung Thep Mahanakhon, Thailand",13.75,100.517,-9.5,-8.42105263157896,21,https://www.newcastleherald.com.au/story/9357894/evacuations-as-heavy-rain-and-flooding-in-soaks-bangkok/,Emergency Evacuations Ordered Across Low-Lying Bangkok Suburbs as Monsoon Deluges Inundate Streets,Thai disaster response agencies evacuated thousands of residents in northern and eastern Bangkok as relentless monsoon downpours overwhelmed the city's canal drainage network.,flood
